,MetaT k12,MetaT k13,DeepMicrobes,CLARK,CLARK-S,Kraken,Kraken 2 
L2Norm,0.024319,0.010717,0.000516,0.144826,0.047760,0.027025,0.024916
